process_id,arrival_time,cpu_burst,io_burst,priority,previous_runtime,waiting_time,context_switches,workload_type
1,63,40,33,8,19,0,5,MIXED
2,25,23,92,3,26,0,10,IO_BOUND
3,18,37,57,1,31,0,12,MIXED
4,13,56,45,7,17,0,13,MIXED
5,89,9,52,3,11,0,12,IO_BOUND
6,31,50,53,5,37,0,5,MIXED
7,12,20,93,6,21,0,7,IO_BOUND
8,94,9,90,5,30,0,12,IO_BOUND
9,59,66,5,6,76,0,2,CPU_BOUND
10,66,67,6,8,62,0,3,CPU_BOUND
11,91,52,44,9,56,0,14,MIXED
12,43,90,30,6,65,0,15,ML_TRAINING
13,79,92,7,5,95,0,5,CPU_BOUND
14,86,11,64,6,10,0,6,IO_BOUND
15,92,42,7,4,44,0,4,CPU_BOUND
16,1,22,42,6,23,0,7,IO_BOUND
17,71,68,13,6,43,0,3,ML_TRAINING
18,12,51,8,5,100,0,5,CPU_BOUND
19,13,9,89,7,5,0,8,IO_BOUND
20,39,45,59,2,14,0,14,MIXED
21,10,30,5,8,57,0,1,CPU_BOUND
22,24,7,39,6,5,0,19,IO_BOUND
23,3,22,23,1,62,0,12,MIXED
24,35,83,30,5,62,0,3,ML_TRAINING
25,73,60,55,10,33,0,4,MIXED
26,81,18,51,7,11,0,9,IO_BOUND
27,37,7,48,6,5,0,12,IO_BOUND
28,86,97,1,8,84,0,4,CPU_BOUND
29,35,16,100,3,6,0,17,IO_BOUND
30,8,69,23,6,81,0,7,ML_TRAINING
31,21,42,38,7,81,0,3,ML_TRAINING
32,53,91,5,7,80,0,4,CPU_BOUND
33,33,80,30,7,60,0,4,ML_TRAINING
34,13,53,37,10,62,0,15,ML_TRAINING
35,68,65,29,7,85,0,10,ML_TRAINING
36,80,83,13,7,40,0,8,ML_TRAINING
37,74,73,38,5,35,0,11,ML_TRAINING
38,72,88,38,8,55,0,4,ML_TRAINING
39,44,34,7,7,37,0,1,CPU_BOUND
40,28,92,8,6,38,0,5,CPU_BOUND
41,85,21,56,10,69,0,4,MIXED
42,0,22,34,5,22,0,12,IO_BOUND
43,28,25,23,6,23,0,3,MIXED
44,59,51,31,9,40,0,6,ML_TRAINING
45,24,58,58,10,47,0,7,MIXED
46,2,24,51,3,28,0,5,IO_BOUND
47,15,8,58,5,26,0,15,IO_BOUND
48,51,87,25,9,38,0,8,ML_TRAINING
49,12,19,86,3,29,0,15,IO_BOUND
50,33,44,38,9,94,0,8,ML_TRAINING
51,57,74,15,8,91,0,11,ML_TRAINING
52,77,53,4,5,67,0,2,CPU_BOUND
53,13,68,33,9,86,0,3,ML_TRAINING
54,25,34,28,9,48,0,3,MIXED
55,53,20,50,5,29,0,15,IO_BOUND
56,89,53,2,6,69,0,5,CPU_BOUND
57,36,59,38,6,69,0,14,ML_TRAINING
58,86,45,40,6,62,0,7,MIXED
59,42,64,16,9,92,0,6,ML_TRAINING
60,85,82,21,8,92,0,7,ML_TRAINING
61,87,23,46,7,44,0,15,MIXED
62,13,77,4,6,33,0,3,CPU_BOUND
63,63,59,26,5,57,0,3,ML_TRAINING
64,69,16,78,4,8,0,16,IO_BOUND
65,18,50,54,8,59,0,15,MIXED
66,28,43,60,9,32,0,11,MIXED
67,78,24,86,3,9,0,14,IO_BOUND
68,91,57,22,3,70,0,3,MIXED
69,95,39,24,1,37,0,10,MIXED
70,41,89,6,5,29,0,3,CPU_BOUND
71,98,57,16,8,50,0,3,MIXED
72,24,79,20,9,74,0,3,ML_TRAINING
73,56,40,28,5,84,0,3,ML_TRAINING
74,87,84,12,9,30,0,6,ML_TRAINING
75,20,21,39,5,12,0,18,IO_BOUND
76,81,99,4,6,48,0,5,CPU_BOUND
77,6,30,31,1,13,0,4,MIXED
78,49,98,2,8,32,0,3,CPU_BOUND
79,9,59,31,9,39,0,4,ML_TRAINING
80,13,40,29,9,52,0,14,MIXED
81,36,25,61,4,17,0,17,IO_BOUND
82,86,59,2,6,50,0,5,CPU_BOUND
83,36,41,7,4,63,0,5,CPU_BOUND
84,41,67,11,5,69,0,10,ML_TRAINING
85,44,13,49,5,27,0,7,IO_BOUND
86,26,52,22,9,69,0,15,MIXED
87,4,51,30,9,29,0,6,MIXED
88,50,15,54,4,21,0,7,IO_BOUND
89,60,70,34,9,67,0,15,ML_TRAINING
90,41,32,21,1,67,0,6,MIXED
91,39,19,40,6,24,0,18,IO_BOUND
92,8,70,23,5,81,0,10,ML_TRAINING
93,30,32,55,5,58,0,6,MIXED
94,78,62,17,9,44,0,5,ML_TRAINING
95,41,36,10,7,23,0,2,CPU_BOUND
96,45,68,14,8,40,0,9,ML_TRAINING
97,6,41,46,9,18,0,13,MIXED
98,14,15,32,3,15,0,16,IO_BOUND
99,65,83,13,9,47,0,7,ML_TRAINING
100,15,55,40,7,42,0,13,ML_TRAINING
101,17,33,3,8,36,0,2,CPU_BOUND
102,71,28,43,8,37,0,8,MIXED
103,41,21,76,7,14,0,20,IO_BOUND
104,73,22,25,10,58,0,13,MIXED
105,4,39,51,9,27,0,12,MIXED
106,69,82,8,6,93,0,2,CPU_BOUND
107,12,46,1,8,35,0,5,CPU_BOUND
108,0,44,17,5,13,0,3,MIXED
109,19,5,100,5,26,0,9,IO_BOUND
110,38,19,76,7,22,0,5,IO_BOUND
111,47,13,61,7,17,0,14,IO_BOUND
112,48,34,45,5,41,0,5,MIXED
113,76,41,3,7,87,0,1,CPU_BOUND
114,95,44,1,4,92,0,3,CPU_BOUND
115,5,53,9,6,84,0,5,CPU_BOUND
116,73,73,0,4,33,0,5,CPU_BOUND
117,66,32,10,5,96,0,3,CPU_BOUND
118,91,22,78,7,17,0,17,IO_BOUND
119,60,18,49,3,11,0,17,IO_BOUND
120,67,41,29,8,31,0,9,MIXED
121,67,61,9,7,91,0,2,CPU_BOUND
122,8,12,84,6,18,0,13,IO_BOUND
123,67,43,32,8,20,0,10,MIXED
124,57,34,9,7,89,0,4,CPU_BOUND
125,95,40,36,7,78,0,14,ML_TRAINING
126,89,57,21,1,36,0,13,MIXED
127,86,78,19,5,93,0,6,ML_TRAINING
128,17,43,8,4,69,0,1,CPU_BOUND
129,65,61,31,9,70,0,13,ML_TRAINING
130,27,71,11,5,61,0,5,ML_TRAINING
131,18,70,13,6,63,0,5,ML_TRAINING
132,66,40,23,8,41,0,15,ML_TRAINING
133,13,35,53,1,26,0,8,MIXED
134,11,5,66,3,18,0,13,IO_BOUND
135,59,47,46,9,23,0,10,MIXED
136,16,27,45,1,57,0,8,MIXED
137,46,44,49,3,16,0,11,MIXED
138,55,50,7,7,84,0,5,CPU_BOUND
139,78,55,39,10,30,0,9,ML_TRAINING
140,45,24,24,5,60,0,7,MIXED
141,96,62,4,7,96,0,3,CPU_BOUND
142,57,9,98,4,10,0,10,IO_BOUND
143,25,8,50,7,6,0,18,IO_BOUND
144,81,24,51,7,32,0,8,MIXED
145,44,22,76,6,11,0,15,IO_BOUND
146,41,7,73,7,18,0,5,IO_BOUND
147,65,34,0,6,72,0,4,CPU_BOUND
148,70,7,54,4,7,0,16,IO_BOUND
149,91,11,60,5,24,0,17,IO_BOUND
150,78,59,18,6,34,0,4,MIXED
151,8,74,5,6,49,0,1,CPU_BOUND
152,18,80,15,5,92,0,8,ML_TRAINING
153,81,39,37,6,46,0,13,MIXED
154,50,45,55,1,51,0,14,MIXED
155,44,35,6,5,90,0,3,CPU_BOUND
156,85,5,30,7,16,0,10,IO_BOUND
157,91,52,28,10,70,0,6,ML_TRAINING
158,12,16,94,6,25,0,10,IO_BOUND
159,5,21,86,6,10,0,17,IO_BOUND
160,72,39,7,7,90,0,5,CPU_BOUND
161,6,69,7,6,87,0,5,CPU_BOUND
162,29,24,38,7,26,0,15,IO_BOUND
163,79,20,46,4,24,0,11,IO_BOUND
164,33,51,18,7,79,0,5,ML_TRAINING
165,57,83,30,6,85,0,4,ML_TRAINING
166,28,51,9,7,75,0,5,CPU_BOUND
167,23,84,8,6,88,0,1,CPU_BOUND
168,19,34,6,8,28,0,4,CPU_BOUND
169,52,89,8,8,77,0,3,CPU_BOUND
170,6,75,8,4,96,0,5,CPU_BOUND
171,72,70,12,8,40,0,10,ML_TRAINING
172,82,81,5,7,92,0,2,CPU_BOUND
173,95,51,4,6,65,0,4,CPU_BOUND
174,41,55,28,5,60,0,5,ML_TRAINING
175,32,57,12,5,94,0,10,ML_TRAINING
176,75,70,7,5,92,0,4,CPU_BOUND
177,82,25,93,4,5,0,16,IO_BOUND
178,61,28,48,1,16,0,3,MIXED
179,49,13,90,5,22,0,7,IO_BOUND
180,23,35,45,9,19,0,4,MIXED
181,56,62,21,8,88,0,6,ML_TRAINING
182,50,78,4,5,58,0,5,CPU_BOUND
183,50,42,10,7,27,0,1,CPU_BOUND
184,22,12,79,5,28,0,18,IO_BOUND
185,89,36,49,4,37,0,11,MIXED
186,56,49,6,8,25,0,4,CPU_BOUND
187,75,24,34,2,20,0,10,MIXED
188,99,57,21,8,54,0,11,ML_TRAINING
189,91,71,36,8,73,0,3,ML_TRAINING
190,93,15,72,7,22,0,15,IO_BOUND
191,26,56,30,2,37,0,14,MIXED
192,72,14,64,5,18,0,8,IO_BOUND
193,65,87,39,7,30,0,14,ML_TRAINING
194,36,50,6,4,67,0,1,CPU_BOUND
195,83,18,46,4,17,0,11,IO_BOUND
196,83,80,34,8,75,0,14,ML_TRAINING
197,1,90,12,6,73,0,6,ML_TRAINING
198,75,53,11,5,40,0,7,ML_TRAINING
199,85,43,40,6,16,0,5,MIXED
200,17,20,86,5,20,0,5,IO_BOUND
201,94,63,27,8,77,0,15,ML_TRAINING
202,83,75,39,7,84,0,14,ML_TRAINING
203,47,47,14,7,44,0,13,ML_TRAINING
204,25,59,40,5,62,0,4,ML_TRAINING
205,84,90,17,9,37,0,8,ML_TRAINING
206,12,32,0,7,35,0,3,CPU_BOUND
207,63,89,0,7,40,0,4,CPU_BOUND
208,61,22,17,8,53,0,14,MIXED
209,94,89,10,5,64,0,3,CPU_BOUND
210,95,89,31,5,50,0,12,ML_TRAINING
211,42,26,40,7,22,0,5,MIXED
212,2,24,60,4,56,0,6,MIXED
213,90,89,14,9,67,0,6,ML_TRAINING
214,47,46,18,7,31,0,8,ML_TRAINING
215,97,52,33,7,65,0,7,ML_TRAINING
216,16,86,39,8,93,0,11,ML_TRAINING
217,8,90,27,7,49,0,7,ML_TRAINING
218,35,39,44,4,39,0,13,MIXED
219,50,42,35,9,51,0,9,MIXED
220,46,54,25,2,23,0,6,MIXED
221,24,20,34,8,38,0,6,MIXED
222,94,79,5,4,81,0,1,CPU_BOUND
223,65,36,46,6,10,0,5,MIXED
224,27,50,52,2,38,0,5,MIXED
225,31,72,28,6,89,0,6,ML_TRAINING
226,68,49,2,8,58,0,1,CPU_BOUND
227,32,51,2,7,50,0,5,CPU_BOUND
228,46,14,59,4,18,0,5,IO_BOUND
229,94,48,11,9,30,0,9,ML_TRAINING
230,74,32,10,6,38,0,5,CPU_BOUND
231,9,13,35,6,28,0,20,IO_BOUND
232,2,37,58,2,25,0,12,MIXED
233,26,55,10,4,30,0,3,CPU_BOUND
234,75,56,7,7,64,0,4,CPU_BOUND
235,7,14,65,4,28,0,6,IO_BOUND
236,71,99,9,7,54,0,3,CPU_BOUND
237,80,40,39,6,40,0,11,ML_TRAINING
238,84,33,10,6,94,0,2,CPU_BOUND
239,10,80,35,9,79,0,12,ML_TRAINING
240,70,44,1,8,88,0,1,CPU_BOUND
241,7,26,40,6,39,0,3,MIXED
242,50,68,7,5,41,0,4,CPU_BOUND
243,8,58,58,9,24,0,6,MIXED
244,25,24,39,3,28,0,14,IO_BOUND
245,27,75,6,7,93,0,1,CPU_BOUND
246,75,72,4,7,58,0,1,CPU_BOUND
247,95,85,10,7,33,0,5,CPU_BOUND
248,62,77,0,6,39,0,1,CPU_BOUND
249,25,24,32,5,13,0,13,IO_BOUND
250,95,24,55,6,20,0,14,IO_BOUND
251,56,56,27,7,25,0,5,MIXED
252,60,47,2,6,47,0,5,CPU_BOUND
253,6,41,23,2,10,0,7,MIXED
254,99,16,60,3,28,0,6,IO_BOUND
255,91,55,2,6,23,0,2,CPU_BOUND
256,41,86,2,6,45,0,5,CPU_BOUND
257,9,6,79,6,8,0,5,IO_BOUND
258,78,12,77,3,19,0,17,IO_BOUND
259,92,54,46,5,34,0,13,MIXED
260,98,24,55,3,18,0,12,IO_BOUND
261,83,54,19,4,47,0,9,MIXED
262,7,57,59,3,48,0,6,MIXED
263,27,42,27,10,60,0,10,ML_TRAINING
264,41,47,6,4,83,0,5,CPU_BOUND
265,44,60,34,7,85,0,15,ML_TRAINING
266,47,10,78,5,30,0,5,IO_BOUND
267,74,56,8,7,91,0,1,CPU_BOUND
268,1,86,14,10,50,0,3,ML_TRAINING
269,58,21,63,7,17,0,13,IO_BOUND
270,2,99,9,7,40,0,1,CPU_BOUND
271,67,18,99,7,14,0,9,IO_BOUND
272,23,25,34,3,7,0,14,IO_BOUND
273,96,18,30,5,9,0,5,IO_BOUND
274,25,52,15,9,97,0,14,ML_TRAINING
275,17,28,59,4,30,0,6,MIXED
276,45,43,47,2,15,0,10,MIXED
277,20,22,47,6,29,0,20,IO_BOUND
278,8,55,7,7,69,0,4,CPU_BOUND
279,34,95,0,8,94,0,3,CPU_BOUND
280,100,73,7,7,22,0,2,CPU_BOUND
281,87,38,23,2,55,0,9,MIXED
282,11,59,15,5,60,0,13,MIXED
283,75,48,8,5,53,0,2,CPU_BOUND
284,79,75,10,8,94,0,1,CPU_BOUND
285,43,79,35,6,78,0,7,ML_TRAINING
286,8,64,6,5,43,0,5,CPU_BOUND
287,75,57,5,7,20,0,1,CPU_BOUND
288,18,19,54,5,12,0,16,IO_BOUND
289,73,59,53,3,53,0,5,MIXED
290,37,79,7,6,64,0,1,CPU_BOUND
291,93,46,2,5,90,0,3,CPU_BOUND
292,96,32,55,5,65,0,11,MIXED
293,74,22,46,8,39,0,8,MIXED
294,22,21,62,4,17,0,19,IO_BOUND
295,41,22,33,8,47,0,5,MIXED
296,66,62,18,6,54,0,14,ML_TRAINING
297,32,20,95,6,22,0,6,IO_BOUND
298,96,57,1,8,80,0,3,CPU_BOUND
299,29,21,44,7,36,0,6,MIXED
300,1,47,38,3,17,0,9,MIXED
301,9,31,2,8,59,0,3,CPU_BOUND
302,69,46,36,5,74,0,3,ML_TRAINING
303,92,55,15,6,94,0,15,ML_TRAINING
304,8,83,5,5,40,0,4,CPU_BOUND
305,83,35,40,9,26,0,6,MIXED
306,49,40,20,7,77,0,6,ML_TRAINING
307,30,74,31,9,75,0,4,ML_TRAINING
308,28,59,18,7,65,0,3,MIXED
309,55,81,6,7,72,0,2,CPU_BOUND
310,90,71,2,4,60,0,2,CPU_BOUND
311,50,78,23,8,56,0,8,ML_TRAINING
312,51,50,11,8,67,0,10,ML_TRAINING
313,51,5,82,3,18,0,5,IO_BOUND
314,43,17,38,4,16,0,12,IO_BOUND
315,32,38,49,6,69,0,14,MIXED
316,42,45,1,8,55,0,4,CPU_BOUND
317,35,59,3,8,93,0,4,CPU_BOUND
318,41,83,4,6,64,0,1,CPU_BOUND
319,0,59,15,7,70,0,15,ML_TRAINING
320,20,87,4,6,28,0,1,CPU_BOUND
321,49,89,20,6,57,0,10,ML_TRAINING
322,38,13,71,4,16,0,6,IO_BOUND
323,34,48,37,1,11,0,3,MIXED
324,12,62,5,4,74,0,3,CPU_BOUND
325,21,99,10,4,67,0,5,CPU_BOUND
326,26,83,6,8,93,0,3,CPU_BOUND
327,1,53,5,8,84,0,4,CPU_BOUND
328,52,65,31,9,38,0,10,ML_TRAINING
329,48,36,27,5,50,0,8,MIXED
330,93,22,43,9,49,0,5,MIXED
331,17,8,74,3,19,0,15,IO_BOUND
332,72,57,8,8,58,0,2,CPU_BOUND
333,90,35,42,10,27,0,13,MIXED
334,69,60,1,5,70,0,2,CPU_BOUND
335,81,56,5,6,52,0,5,CPU_BOUND
336,95,35,8,5,73,0,4,CPU_BOUND
337,67,8,73,4,23,0,19,IO_BOUND
338,40,22,66,7,16,0,19,IO_BOUND
339,100,44,45,8,21,0,4,MIXED
340,81,44,53,10,13,0,11,MIXED
341,42,60,13,7,36,0,3,ML_TRAINING
342,46,59,10,7,51,0,5,ML_TRAINING
343,26,87,20,6,34,0,12,ML_TRAINING
344,6,6,89,6,13,0,8,IO_BOUND
345,61,72,33,6,80,0,14,ML_TRAINING
346,23,84,22,8,45,0,8,ML_TRAINING
347,11,43,52,2,62,0,12,MIXED
348,10,90,11,8,92,0,7,ML_TRAINING
349,28,87,11,6,99,0,12,ML_TRAINING
350,98,87,26,10,81,0,6,ML_TRAINING
351,46,74,37,10,43,0,5,ML_TRAINING
352,66,47,16,8,65,0,6,MIXED
353,41,57,16,8,44,0,11,ML_TRAINING
354,28,44,18,7,58,0,6,ML_TRAINING
355,92,78,2,5,92,0,2,CPU_BOUND
356,54,5,40,7,16,0,8,IO_BOUND
357,98,40,41,1,70,0,8,MIXED
358,67,73,18,7,64,0,3,ML_TRAINING
359,36,99,8,6,32,0,1,CPU_BOUND
360,63,26,43,6,37,0,7,MIXED
361,93,58,6,6,30,0,4,CPU_BOUND
362,81,10,95,7,7,0,20,IO_BOUND
363,49,81,21,6,40,0,11,ML_TRAINING
364,55,36,60,8,14,0,12,MIXED
365,78,13,72,7,27,0,17,IO_BOUND
366,18,19,59,6,26,0,8,IO_BOUND
367,83,91,1,6,86,0,3,CPU_BOUND
368,72,76,17,10,83,0,15,ML_TRAINING
369,23,46,38,1,45,0,5,MIXED
370,7,72,31,10,59,0,10,ML_TRAINING
371,69,64,7,8,51,0,1,CPU_BOUND
372,24,79,13,8,61,0,15,ML_TRAINING
373,55,12,69,3,30,0,20,IO_BOUND
374,91,62,10,7,66,0,1,CPU_BOUND
375,93,73,0,7,26,0,4,CPU_BOUND
376,44,57,44,9,69,0,6,MIXED
377,27,60,0,8,66,0,1,CPU_BOUND
378,1,81,23,6,98,0,14,ML_TRAINING
379,81,38,18,2,48,0,10,MIXED
380,83,16,88,4,11,0,19,IO_BOUND
381,10,18,37,4,16,0,5,IO_BOUND
382,81,47,23,9,87,0,7,ML_TRAINING
383,92,60,52,9,47,0,11,MIXED
384,17,69,4,8,88,0,1,CPU_BOUND
385,97,13,100,6,8,0,18,IO_BOUND
386,20,61,5,7,71,0,5,CPU_BOUND
387,74,17,66,4,20,0,18,IO_BOUND
388,55,79,28,9,48,0,6,ML_TRAINING
389,76,23,75,4,25,0,7,IO_BOUND
390,38,55,32,9,14,0,10,MIXED
391,1,17,79,3,23,0,12,IO_BOUND
392,68,49,37,1,34,0,13,MIXED
393,28,7,33,7,12,0,5,IO_BOUND
394,63,74,0,6,58,0,5,CPU_BOUND
395,15,7,73,6,25,0,15,IO_BOUND
396,96,89,0,5,97,0,5,CPU_BOUND
397,33,51,22,4,58,0,10,MIXED
398,97,52,8,5,65,0,5,CPU_BOUND
399,52,44,30,6,68,0,9,ML_TRAINING
400,8,68,34,7,99,0,5,ML_TRAINING
401,22,41,26,9,78,0,6,ML_TRAINING
402,16,14,55,4,25,0,5,IO_BOUND
403,25,42,41,10,32,0,8,MIXED
404,94,28,34,9,26,0,11,MIXED
405,3,11,67,7,24,0,8,IO_BOUND
406,26,64,6,8,32,0,3,CPU_BOUND
407,46,71,20,5,42,0,7,ML_TRAINING
408,59,9,64,6,18,0,5,IO_BOUND
409,72,66,23,10,38,0,11,ML_TRAINING
410,83,40,4,6,31,0,2,CPU_BOUND
411,93,88,9,7,75,0,5,CPU_BOUND
412,50,6,40,7,20,0,7,IO_BOUND
413,41,28,60,9,22,0,14,MIXED
414,32,21,70,3,21,0,12,IO_BOUND
415,23,82,20,6,67,0,11,ML_TRAINING
416,50,59,7,8,60,0,5,CPU_BOUND
417,98,19,53,7,21,0,14,IO_BOUND
418,90,5,42,7,16,0,7,IO_BOUND
419,44,34,2,8,56,0,4,CPU_BOUND
420,62,23,47,7,9,0,19,IO_BOUND
421,39,13,81,3,18,0,16,IO_BOUND
422,47,11,96,5,14,0,6,IO_BOUND
423,43,42,42,8,48,0,11,MIXED
424,75,71,33,10,64,0,10,ML_TRAINING
425,1,38,10,8,36,0,5,CPU_BOUND
426,47,95,2,8,55,0,2,CPU_BOUND
427,87,16,84,5,14,0,12,IO_BOUND
428,23,75,8,8,53,0,4,CPU_BOUND
429,6,82,29,9,89,0,15,ML_TRAINING
430,77,76,38,9,100,0,11,ML_TRAINING
431,4,59,8,7,41,0,2,CPU_BOUND
432,37,72,8,7,86,0,2,CPU_BOUND
433,60,61,2,8,98,0,3,CPU_BOUND
434,78,41,22,10,28,0,5,MIXED
435,75,41,21,5,69,0,14,ML_TRAINING
436,64,42,30,5,49,0,10,ML_TRAINING
437,38,22,47,9,39,0,4,MIXED
438,43,46,17,7,46,0,7,ML_TRAINING
439,1,56,0,8,47,0,3,CPU_BOUND
440,97,22,52,9,69,0,4,MIXED
441,3,19,45,6,18,0,17,IO_BOUND
442,10,39,48,10,44,0,14,MIXED
443,61,57,50,5,15,0,3,MIXED
444,63,6,95,5,26,0,5,IO_BOUND
445,29,22,97,7,12,0,9,IO_BOUND
446,63,13,47,5,29,0,17,IO_BOUND
447,96,35,17,1,42,0,15,MIXED
448,63,10,72,3,5,0,13,IO_BOUND
449,48,7,65,5,24,0,15,IO_BOUND
450,54,82,6,4,66,0,2,CPU_BOUND
451,31,85,33,7,97,0,15,ML_TRAINING
452,22,71,7,7,35,0,5,CPU_BOUND
453,80,59,22,9,58,0,8,ML_TRAINING
454,42,49,40,5,65,0,8,ML_TRAINING
455,97,42,22,8,65,0,12,ML_TRAINING
456,32,19,31,5,28,0,18,IO_BOUND
457,32,37,43,5,42,0,6,MIXED
458,51,94,6,6,62,0,3,CPU_BOUND
459,82,22,78,5,8,0,19,IO_BOUND
460,4,76,26,7,56,0,14,ML_TRAINING
461,37,24,50,8,38,0,5,MIXED
462,42,8,42,5,6,0,9,IO_BOUND
463,59,22,17,2,32,0,7,MIXED
464,90,78,26,6,45,0,11,ML_TRAINING
465,49,41,4,4,92,0,3,CPU_BOUND
466,17,15,48,7,22,0,19,IO_BOUND
467,57,57,16,8,37,0,7,ML_TRAINING
468,46,41,0,5,34,0,1,CPU_BOUND
469,37,48,35,10,95,0,4,ML_TRAINING
470,42,96,4,8,81,0,1,CPU_BOUND
471,1,43,3,7,52,0,3,CPU_BOUND
472,14,64,0,8,47,0,4,CPU_BOUND
473,82,37,22,5,56,0,13,MIXED
474,66,100,7,7,81,0,1,CPU_BOUND
475,96,96,8,6,27,0,2,CPU_BOUND
476,8,20,54,7,13,0,7,IO_BOUND
477,62,21,88,4,23,0,6,IO_BOUND
478,49,54,5,6,83,0,5,CPU_BOUND
479,95,68,21,5,62,0,6,ML_TRAINING
480,31,25,97,3,22,0,13,IO_BOUND
481,69,85,16,8,81,0,4,ML_TRAINING
482,99,12,65,7,26,0,7,IO_BOUND
483,34,16,53,3,10,0,14,IO_BOUND
484,51,18,61,4,19,0,17,IO_BOUND
485,15,43,7,8,57,0,1,CPU_BOUND
486,98,94,6,6,34,0,4,CPU_BOUND
487,73,52,49,5,63,0,5,MIXED
488,21,40,35,9,48,0,4,ML_TRAINING
489,61,88,16,5,77,0,7,ML_TRAINING
490,79,53,3,8,100,0,3,CPU_BOUND
491,68,24,50,3,12,0,10,IO_BOUND
492,23,75,34,7,47,0,5,ML_TRAINING
493,93,59,31,7,29,0,14,MIXED
494,17,37,38,5,58,0,10,MIXED
495,11,89,33,7,81,0,9,ML_TRAINING
496,35,50,2,6,74,0,1,CPU_BOUND
497,18,42,10,5,57,0,4,CPU_BOUND
498,68,38,30,2,61,0,8,MIXED
499,63,85,14,5,73,0,14,ML_TRAINING
500,90,69,6,4,68,0,5,CPU_BOUND
501,32,90,38,5,61,0,9,ML_TRAINING
502,69,22,54,8,47,0,6,MIXED
503,75,6,49,7,16,0,10,IO_BOUND
504,1,25,43,2,50,0,11,MIXED
505,25,24,51,3,28,0,7,IO_BOUND
506,24,21,74,5,10,0,9,IO_BOUND
507,85,72,15,5,58,0,13,ML_TRAINING
508,20,22,75,7,13,0,8,IO_BOUND
509,49,19,94,4,29,0,14,IO_BOUND
510,40,87,38,5,38,0,4,ML_TRAINING
511,14,8,98,7,23,0,6,IO_BOUND
512,73,23,50,10,20,0,4,MIXED
513,8,50,29,10,58,0,4,MIXED
514,40,22,48,7,22,0,17,IO_BOUND
515,3,66,1,5,65,0,2,CPU_BOUND
516,40,38,2,8,46,0,2,CPU_BOUND
517,29,73,24,10,69,0,4,ML_TRAINING
518,69,6,33,7,15,0,19,IO_BOUND
519,12,50,12,9,85,0,13,ML_TRAINING
520,16,30,20,10,12,0,12,MIXED
521,81,13,94,6,10,0,15,IO_BOUND
522,99,20,56,7,16,0,18,IO_BOUND
523,100,47,27,2,57,0,8,MIXED
524,56,85,38,8,37,0,9,ML_TRAINING
525,75,10,47,3,9,0,20,IO_BOUND
526,57,23,48,9,26,0,14,MIXED
527,69,74,22,5,65,0,5,ML_TRAINING
528,38,41,24,7,55,0,3,ML_TRAINING
529,69,46,37,10,55,0,11,ML_TRAINING
530,80,57,8,6,26,0,3,CPU_BOUND
531,27,70,4,4,65,0,4,CPU_BOUND
532,20,44,51,1,37,0,6,MIXED
533,24,25,34,4,27,0,9,IO_BOUND
534,70,25,58,7,11,0,6,IO_BOUND
535,72,80,25,9,47,0,9,ML_TRAINING
536,44,56,8,6,86,0,1,CPU_BOUND
537,14,58,33,9,49,0,15,MIXED
538,17,10,33,4,12,0,14,IO_BOUND
539,95,51,4,5,41,0,5,CPU_BOUND
540,28,15,63,4,10,0,17,IO_BOUND
541,69,18,40,5,13,0,8,IO_BOUND
542,54,50,60,4,49,0,14,MIXED
543,48,20,84,6,8,0,11,IO_BOUND
544,72,44,32,1,38,0,5,MIXED
545,47,80,1,7,88,0,4,CPU_BOUND
546,69,71,28,9,42,0,5,ML_TRAINING
547,56,57,41,5,36,0,8,MIXED
548,16,36,46,7,38,0,5,MIXED
549,19,64,37,9,68,0,13,ML_TRAINING
550,68,31,6,6,37,0,2,CPU_BOUND
551,28,81,19,8,41,0,14,ML_TRAINING
552,57,22,39,4,16,0,13,MIXED
553,96,65,32,8,93,0,4,ML_TRAINING
554,84,15,90,4,14,0,6,IO_BOUND
555,75,60,14,6,30,0,5,ML_TRAINING
556,51,24,31,4,16,0,18,IO_BOUND
557,44,20,70,6,30,0,10,IO_BOUND
558,13,25,81,6,23,0,14,IO_BOUND
559,34,11,68,7,28,0,6,IO_BOUND
560,84,81,7,7,59,0,4,CPU_BOUND
561,87,72,9,5,67,0,5,CPU_BOUND
562,99,79,4,7,83,0,3,CPU_BOUND
563,33,19,62,5,5,0,10,IO_BOUND
564,1,59,20,6,43,0,4,ML_TRAINING
565,14,15,82,4,16,0,8,IO_BOUND
566,22,82,9,7,58,0,2,CPU_BOUND
567,71,71,7,6,68,0,2,CPU_BOUND
568,7,32,17,1,70,0,3,MIXED
569,69,65,10,10,78,0,15,ML_TRAINING
570,69,46,27,8,94,0,6,ML_TRAINING
571,9,42,6,7,78,0,5,CPU_BOUND
572,68,47,7,8,53,0,1,CPU_BOUND
573,51,21,49,4,26,0,6,IO_BOUND
574,52,11,96,6,20,0,7,IO_BOUND
575,64,87,9,5,33,0,2,CPU_BOUND
576,46,6,92,7,21,0,11,IO_BOUND
577,58,70,33,7,48,0,10,ML_TRAINING
578,46,80,4,5,22,0,2,CPU_BOUND
579,4,60,18,6,47,0,3,ML_TRAINING
580,35,58,50,4,28,0,14,MIXED
581,60,47,48,4,32,0,6,MIXED
582,86,11,80,5,16,0,8,IO_BOUND
583,80,22,87,5,17,0,10,IO_BOUND
584,65,86,29,9,98,0,15,ML_TRAINING
585,74,83,18,7,69,0,14,ML_TRAINING
586,92,78,6,6,39,0,1,CPU_BOUND
587,34,10,65,4,24,0,18,IO_BOUND
588,15,21,56,4,6,0,18,IO_BOUND
589,12,33,46,9,19,0,5,MIXED
590,26,30,31,4,19,0,4,MIXED
591,95,10,56,3,22,0,17,IO_BOUND
592,25,28,42,3,59,0,15,MIXED
593,51,84,0,8,25,0,1,CPU_BOUND
594,58,38,2,7,28,0,4,CPU_BOUND
595,17,59,31,4,24,0,12,MIXED
596,68,82,30,5,95,0,3,ML_TRAINING
597,52,42,16,7,46,0,6,MIXED
598,29,6,32,7,24,0,18,IO_BOUND
599,52,41,10,5,50,0,1,CPU_BOUND
600,44,54,56,4,62,0,11,MIXED
601,61,21,58,3,24,0,5,IO_BOUND
602,55,54,26,9,39,0,12,MIXED
603,19,35,5,8,86,0,1,CPU_BOUND
604,61,13,50,5,21,0,11,IO_BOUND
605,66,88,0,5,94,0,2,CPU_BOUND
606,93,88,9,7,42,0,1,CPU_BOUND
607,62,20,56,4,7,0,5,IO_BOUND
608,76,22,99,5,19,0,14,IO_BOUND
609,22,48,50,7,16,0,12,MIXED
610,37,50,5,8,67,0,2,CPU_BOUND
611,64,9,97,3,6,0,9,IO_BOUND
612,67,78,23,5,71,0,14,ML_TRAINING
613,6,28,17,3,32,0,6,MIXED
614,90,17,98,3,30,0,9,IO_BOUND
615,32,36,9,5,96,0,3,CPU_BOUND
616,81,69,31,8,83,0,10,ML_TRAINING
617,83,16,47,4,7,0,13,IO_BOUND
618,27,25,54,2,64,0,5,MIXED
619,69,67,23,6,87,0,9,ML_TRAINING
620,90,76,21,9,90,0,9,ML_TRAINING
621,69,55,19,6,94,0,10,ML_TRAINING
622,57,56,24,5,41,0,3,ML_TRAINING
623,54,33,44,7,27,0,14,MIXED
624,30,34,32,3,20,0,4,MIXED
625,96,17,59,5,8,0,10,IO_BOUND
626,88,24,38,7,22,0,9,IO_BOUND
627,53,46,9,8,64,0,1,CPU_BOUND
628,73,32,6,4,82,0,1,CPU_BOUND
629,25,7,47,6,5,0,15,IO_BOUND
630,48,29,36,8,68,0,5,MIXED
631,85,11,40,5,11,0,5,IO_BOUND
632,76,8,39,3,20,0,8,IO_BOUND
633,94,58,37,5,65,0,10,ML_TRAINING
634,38,61,7,7,63,0,5,CPU_BOUND
635,4,19,60,7,10,0,15,IO_BOUND
636,38,69,27,8,33,0,7,ML_TRAINING
637,21,85,7,7,53,0,2,CPU_BOUND
638,36,20,37,3,45,0,8,MIXED
639,52,85,12,10,96,0,4,ML_TRAINING
640,74,44,24,8,81,0,13,ML_TRAINING
641,21,49,23,9,11,0,15,MIXED
642,35,86,40,5,79,0,12,ML_TRAINING
643,42,97,7,4,35,0,1,CPU_BOUND
644,77,20,76,7,27,0,9,IO_BOUND
645,36,18,56,6,6,0,12,IO_BOUND
646,49,55,15,9,39,0,11,ML_TRAINING
647,36,73,6,8,34,0,3,CPU_BOUND
648,2,15,98,3,21,0,12,IO_BOUND
649,29,10,74,5,12,0,16,IO_BOUND
650,4,22,44,7,23,0,17,IO_BOUND
651,71,28,57,4,34,0,14,MIXED
652,64,11,50,6,20,0,11,IO_BOUND
653,79,79,10,6,91,0,7,ML_TRAINING
654,3,54,29,5,53,0,3,ML_TRAINING
655,2,54,19,10,55,0,15,ML_TRAINING
656,33,10,88,5,24,0,12,IO_BOUND
657,3,40,1,7,58,0,2,CPU_BOUND
658,95,56,13,6,73,0,10,ML_TRAINING
659,53,79,5,5,70,0,3,CPU_BOUND
660,64,45,56,7,13,0,4,MIXED
661,8,21,64,3,11,0,19,IO_BOUND
662,76,36,43,4,50,0,10,MIXED
663,71,85,7,4,34,0,1,CPU_BOUND
664,40,43,1,7,40,0,5,CPU_BOUND
665,90,25,46,8,30,0,11,MIXED
666,61,48,39,10,27,0,13,MIXED
667,37,64,2,8,79,0,3,CPU_BOUND
668,97,18,82,7,5,0,6,IO_BOUND
669,64,9,90,6,5,0,14,IO_BOUND
670,69,31,55,10,65,0,10,MIXED
671,62,25,27,9,39,0,8,MIXED
672,29,39,2,8,73,0,5,CPU_BOUND
673,49,30,18,6,60,0,12,MIXED
674,85,30,25,6,20,0,6,MIXED
675,94,6,71,5,10,0,8,IO_BOUND
676,99,26,52,2,66,0,8,MIXED
677,67,51,18,9,77,0,10,ML_TRAINING
678,81,7,84,7,28,0,11,IO_BOUND
679,16,89,10,6,84,0,11,ML_TRAINING
680,15,10,67,3,26,0,8,IO_BOUND
681,20,31,3,7,28,0,4,CPU_BOUND
682,56,57,10,6,75,0,7,ML_TRAINING
683,26,75,23,6,68,0,9,ML_TRAINING
684,70,66,7,6,97,0,5,CPU_BOUND
685,26,69,30,9,68,0,7,ML_TRAINING
686,67,25,60,5,56,0,9,MIXED
687,17,40,39,10,90,0,9,ML_TRAINING
688,71,44,2,8,93,0,5,CPU_BOUND
689,65,10,35,3,6,0,15,IO_BOUND
690,60,36,21,5,19,0,5,MIXED
691,22,12,43,7,13,0,5,IO_BOUND
692,56,43,45,1,60,0,7,MIXED
693,81,6,93,7,8,0,17,IO_BOUND
694,71,23,62,5,20,0,13,IO_BOUND
695,75,23,39,7,55,0,14,MIXED
696,69,16,79,3,27,0,7,IO_BOUND
697,71,15,69,3,13,0,15,IO_BOUND
698,78,17,48,3,14,0,5,IO_BOUND
699,57,31,1,5,56,0,2,CPU_BOUND
700,38,73,11,9,91,0,6,ML_TRAINING
701,28,26,26,4,63,0,14,MIXED
702,8,76,29,10,100,0,12,ML_TRAINING
703,41,23,35,4,21,0,4,MIXED
704,39,84,4,5,56,0,1,CPU_BOUND
705,55,11,55,7,14,0,19,IO_BOUND
706,66,45,49,1,17,0,14,MIXED
707,76,43,40,5,65,0,8,MIXED
708,92,69,2,7,46,0,1,CPU_BOUND
709,68,44,17,7,33,0,5,MIXED
710,31,59,16,6,42,0,7,ML_TRAINING
711,0,10,35,5,28,0,14,IO_BOUND
712,34,8,89,7,25,0,15,IO_BOUND
713,24,49,31,9,61,0,10,ML_TRAINING
714,34,54,1,5,24,0,1,CPU_BOUND
715,21,74,5,8,20,0,2,CPU_BOUND
716,27,68,32,10,85,0,11,ML_TRAINING
717,94,39,19,9,47,0,15,MIXED
718,11,40,23,9,86,0,12,ML_TRAINING
719,26,86,1,7,98,0,3,CPU_BOUND
720,51,16,84,5,18,0,19,IO_BOUND
721,46,27,26,7,60,0,14,MIXED
722,26,7,66,3,29,0,6,IO_BOUND
723,28,69,8,8,66,0,1,CPU_BOUND
724,54,20,34,3,20,0,15,IO_BOUND
725,69,31,17,3,66,0,6,MIXED
726,36,49,11,9,64,0,10,ML_TRAINING
727,82,52,46,8,68,0,14,MIXED
728,58,29,46,7,33,0,5,MIXED
729,83,13,95,7,19,0,13,IO_BOUND
730,26,100,10,5,38,0,1,CPU_BOUND
731,13,53,25,6,44,0,15,MIXED
732,90,62,22,10,91,0,14,ML_TRAINING
733,86,79,26,6,97,0,5,ML_TRAINING
734,71,81,8,4,41,0,1,CPU_BOUND
735,8,36,18,6,16,0,6,MIXED
736,21,39,54,10,25,0,12,MIXED
737,79,25,50,5,26,0,11,IO_BOUND
738,12,65,31,10,41,0,3,ML_TRAINING
739,97,73,6,5,48,0,1,CPU_BOUND
740,18,61,11,8,87,0,7,ML_TRAINING
741,22,80,6,7,83,0,5,CPU_BOUND
742,0,38,27,8,37,0,7,MIXED
743,25,29,18,6,67,0,8,MIXED
744,69,51,59,6,53,0,3,MIXED
745,7,81,7,7,42,0,2,CPU_BOUND
746,90,20,58,6,16,0,16,IO_BOUND
747,62,21,33,6,17,0,6,IO_BOUND
748,71,44,20,4,61,0,10,MIXED
749,96,25,60,4,30,0,12,IO_BOUND
750,85,23,50,7,14,0,12,MIXED
751,38,41,22,10,69,0,8,ML_TRAINING
752,64,71,29,6,65,0,9,ML_TRAINING
753,64,100,4,7,35,0,3,CPU_BOUND
754,67,15,72,6,21,0,13,IO_BOUND
755,57,20,20,9,57,0,5,MIXED
756,87,17,98,3,28,0,20,IO_BOUND
757,71,49,26,9,32,0,14,MIXED
758,29,30,35,10,70,0,10,MIXED
759,12,74,31,5,83,0,6,ML_TRAINING
760,76,64,33,5,38,0,3,ML_TRAINING
761,81,92,4,6,44,0,3,CPU_BOUND
762,14,60,39,8,43,0,10,ML_TRAINING
763,79,23,32,5,14,0,16,IO_BOUND
764,44,29,39,8,40,0,12,MIXED
765,19,86,31,10,83,0,12,ML_TRAINING
766,38,32,34,7,67,0,12,MIXED
767,55,56,6,8,29,0,5,CPU_BOUND
768,6,12,59,5,25,0,19,IO_BOUND
769,81,8,57,4,17,0,12,IO_BOUND
770,58,57,37,3,17,0,10,MIXED
771,56,56,26,9,90,0,14,ML_TRAINING
772,72,32,5,8,29,0,3,CPU_BOUND
773,7,52,5,5,59,0,4,CPU_BOUND
774,7,68,12,6,60,0,14,ML_TRAINING
775,62,47,1,8,89,0,2,CPU_BOUND
776,71,59,4,5,62,0,4,CPU_BOUND
777,77,81,1,5,78,0,2,CPU_BOUND
778,62,42,15,5,51,0,13,MIXED
779,52,27,51,8,68,0,14,MIXED
780,99,9,53,7,26,0,10,IO_BOUND
781,26,56,16,9,43,0,11,ML_TRAINING
782,99,14,49,6,10,0,18,IO_BOUND
783,25,57,46,2,70,0,13,MIXED
784,0,7,77,5,10,0,12,IO_BOUND
785,7,47,57,6,51,0,8,MIXED
786,63,65,18,5,71,0,8,ML_TRAINING
787,86,22,81,6,6,0,5,IO_BOUND
788,23,73,7,5,22,0,4,CPU_BOUND
789,14,17,84,7,20,0,11,IO_BOUND
790,29,20,53,6,11,0,12,IO_BOUND
791,72,5,99,5,6,0,14,IO_BOUND
792,27,32,52,6,63,0,12,MIXED
793,50,17,58,3,19,0,18,IO_BOUND
794,72,65,29,9,88,0,6,ML_TRAINING
795,37,50,9,8,44,0,2,CPU_BOUND
796,46,8,69,5,28,0,17,IO_BOUND
797,26,33,48,8,68,0,3,MIXED
798,94,44,2,7,70,0,5,CPU_BOUND
799,43,77,8,8,96,0,3,CPU_BOUND
800,72,61,2,7,79,0,5,CPU_BOUND
801,44,99,1,5,96,0,5,CPU_BOUND
802,17,21,75,3,28,0,7,IO_BOUND
803,11,49,25,10,54,0,10,ML_TRAINING
804,20,10,83,5,7,0,10,IO_BOUND
805,34,59,5,8,86,0,5,CPU_BOUND
806,18,24,41,5,19,0,17,IO_BOUND
807,60,77,19,5,51,0,15,ML_TRAINING
808,49,41,12,7,56,0,15,ML_TRAINING
809,6,55,3,8,81,0,2,CPU_BOUND
810,82,17,48,3,28,0,20,IO_BOUND
811,22,82,6,4,87,0,3,CPU_BOUND
812,45,40,29,8,36,0,3,MIXED
813,75,12,47,5,20,0,8,IO_BOUND
814,85,20,25,9,43,0,7,MIXED
815,68,61,36,10,37,0,5,ML_TRAINING
816,63,27,28,9,37,0,11,MIXED
817,2,46,25,9,63,0,11,ML_TRAINING
818,30,42,5,5,99,0,4,CPU_BOUND
819,26,40,37,3,34,0,6,MIXED
820,69,90,6,6,47,0,5,CPU_BOUND
821,6,72,36,6,42,0,3,ML_TRAINING
822,38,49,29,5,62,0,4,ML_TRAINING
823,58,44,22,4,38,0,11,MIXED
824,35,53,5,5,54,0,4,CPU_BOUND
825,77,99,2,5,34,0,4,CPU_BOUND
826,36,21,70,5,23,0,20,IO_BOUND
827,12,31,21,2,22,0,7,MIXED
828,84,35,32,5,65,0,6,MIXED
829,43,57,18,1,51,0,12,MIXED
830,91,51,33,10,46,0,14,MIXED
831,67,66,10,8,90,0,1,CPU_BOUND
832,43,52,38,10,53,0,4,ML_TRAINING
833,91,60,35,9,23,0,14,MIXED
834,7,11,86,4,30,0,6,IO_BOUND
835,7,6,72,5,16,0,19,IO_BOUND
836,71,81,1,6,77,0,3,CPU_BOUND
837,79,58,4,7,82,0,1,CPU_BOUND
838,52,43,2,7,92,0,2,CPU_BOUND
839,60,24,45,1,40,0,12,MIXED
840,71,33,50,3,55,0,7,MIXED
841,43,9,47,5,21,0,10,IO_BOUND
842,23,63,28,9,95,0,12,ML_TRAINING
843,7,76,9,7,97,0,4,CPU_BOUND
844,39,19,40,5,30,0,7,IO_BOUND
845,44,25,26,1,35,0,11,MIXED
846,74,24,58,4,34,0,4,MIXED
847,76,73,12,9,97,0,8,ML_TRAINING
848,43,35,15,2,48,0,6,MIXED
849,27,47,37,7,44,0,3,MIXED
850,84,59,9,7,72,0,4,CPU_BOUND
851,25,45,5,5,60,0,1,CPU_BOUND
852,80,13,52,3,23,0,14,IO_BOUND
853,98,43,41,7,23,0,4,MIXED
854,42,28,46,6,53,0,14,MIXED
855,94,67,8,7,78,0,3,CPU_BOUND
856,89,92,10,4,46,0,1,CPU_BOUND
857,2,79,13,9,75,0,14,ML_TRAINING
858,74,20,33,2,57,0,13,MIXED
859,79,10,46,7,26,0,19,IO_BOUND
860,53,85,28,8,48,0,13,ML_TRAINING
861,26,25,46,4,25,0,11,IO_BOUND
862,86,48,32,10,63,0,10,ML_TRAINING
863,60,84,6,7,32,0,2,CPU_BOUND
864,77,43,29,9,83,0,7,ML_TRAINING
865,88,17,81,7,23,0,8,IO_BOUND
866,90,26,35,5,62,0,9,MIXED
867,4,25,48,5,57,0,8,MIXED
868,36,10,38,5,17,0,5,IO_BOUND
869,32,49,31,8,86,0,10,ML_TRAINING
870,87,44,45,2,62,0,6,MIXED
871,65,92,3,7,76,0,2,CPU_BOUND
872,9,60,36,9,11,0,5,MIXED
873,100,52,31,8,43,0,7,ML_TRAINING
874,4,81,2,8,94,0,5,CPU_BOUND
875,11,79,2,8,36,0,3,CPU_BOUND
876,8,56,42,9,54,0,13,MIXED
877,53,22,51,4,15,0,18,IO_BOUND
878,45,78,4,4,76,0,1,CPU_BOUND
879,92,38,54,9,28,0,9,MIXED
880,43,48,6,7,49,0,5,CPU_BOUND
881,86,50,25,7,23,0,5,MIXED
882,56,49,21,6,84,0,14,ML_TRAINING
883,41,30,33,1,54,0,15,MIXED
884,60,49,9,4,33,0,4,CPU_BOUND
885,60,66,8,6,41,0,5,CPU_BOUND
886,43,74,7,7,61,0,3,CPU_BOUND
887,92,22,21,2,59,0,12,MIXED
888,98,62,6,8,50,0,5,CPU_BOUND
889,29,75,36,7,36,0,7,ML_TRAINING
890,56,21,32,9,31,0,14,MIXED
891,91,43,30,6,99,0,4,ML_TRAINING
892,53,20,38,7,67,0,6,MIXED
893,47,34,35,4,11,0,4,MIXED
894,85,11,32,7,9,0,5,IO_BOUND
895,66,68,27,8,57,0,15,ML_TRAINING
896,96,29,44,9,20,0,9,MIXED
897,37,70,2,4,43,0,3,CPU_BOUND
898,6,8,84,7,20,0,19,IO_BOUND
899,20,82,25,5,49,0,10,ML_TRAINING
900,89,40,2,8,30,0,2,CPU_BOUND
901,59,43,7,8,25,0,2,CPU_BOUND
902,66,16,31,6,29,0,19,IO_BOUND
903,92,82,15,6,94,0,10,ML_TRAINING
904,36,71,4,4,84,0,4,CPU_BOUND
905,72,24,30,10,24,0,13,MIXED
906,84,50,7,6,74,0,1,CPU_BOUND
907,79,35,15,1,44,0,13,MIXED
908,53,82,23,5,47,0,5,ML_TRAINING
909,15,36,22,6,21,0,7,MIXED
910,81,66,9,5,27,0,5,CPU_BOUND
911,85,11,40,7,27,0,15,IO_BOUND
912,53,51,8,4,27,0,5,CPU_BOUND
913,29,66,36,8,38,0,5,ML_TRAINING
914,90,63,7,5,95,0,1,CPU_BOUND
915,91,6,92,4,29,0,9,IO_BOUND
916,2,58,23,7,53,0,12,ML_TRAINING
917,89,36,18,4,42,0,9,MIXED
918,14,17,66,7,15,0,17,IO_BOUND
919,52,24,72,3,6,0,5,IO_BOUND
920,38,44,19,8,34,0,5,ML_TRAINING
921,30,23,86,7,9,0,14,IO_BOUND
922,40,85,20,10,93,0,12,ML_TRAINING
923,10,68,18,6,63,0,3,ML_TRAINING
924,90,26,21,10,37,0,8,MIXED
925,94,25,23,2,28,0,3,MIXED
926,73,45,15,1,20,0,10,MIXED
927,33,60,34,7,74,0,11,ML_TRAINING
928,42,42,54,2,56,0,9,MIXED
929,6,34,36,7,18,0,10,MIXED
930,17,21,58,3,19,0,15,IO_BOUND
931,88,52,4,5,49,0,2,CPU_BOUND
932,3,58,2,8,70,0,1,CPU_BOUND
933,64,9,98,4,18,0,5,IO_BOUND
934,87,18,94,7,23,0,8,IO_BOUND
935,38,41,55,1,26,0,8,MIXED
936,84,62,7,8,88,0,5,CPU_BOUND
937,63,49,59,8,26,0,10,MIXED
938,61,85,23,8,46,0,12,ML_TRAINING
939,29,25,96,7,25,0,5,IO_BOUND
940,47,33,41,8,15,0,6,MIXED
941,35,10,100,7,5,0,12,IO_BOUND
942,64,33,7,7,30,0,5,CPU_BOUND
943,50,44,48,9,21,0,7,MIXED
944,78,24,99,5,12,0,17,IO_BOUND
945,83,85,35,7,84,0,5,ML_TRAINING
946,76,24,19,10,28,0,12,MIXED
947,36,14,94,7,28,0,20,IO_BOUND
948,35,23,42,8,58,0,5,MIXED
949,45,28,32,7,39,0,13,MIXED
950,22,42,11,7,49,0,5,ML_TRAINING
951,15,24,90,3,16,0,15,IO_BOUND
952,28,45,36,6,42,0,3,ML_TRAINING
953,99,23,99,3,17,0,7,IO_BOUND
954,14,23,58,5,28,0,8,IO_BOUND
955,99,72,11,7,31,0,7,ML_TRAINING
956,77,13,45,4,22,0,11,IO_BOUND
957,22,27,40,9,37,0,14,MIXED
958,40,54,5,5,24,0,1,CPU_BOUND
959,26,39,24,4,64,0,4,MIXED
960,3,89,13,8,35,0,3,ML_TRAINING
961,58,54,52,10,28,0,13,MIXED
962,16,77,7,4,96,0,3,CPU_BOUND
963,16,53,49,5,25,0,12,MIXED
964,83,24,59,8,19,0,13,MIXED
965,49,34,9,4,74,0,5,CPU_BOUND
966,62,25,32,6,17,0,8,IO_BOUND
967,74,26,60,4,13,0,10,MIXED
968,79,40,6,5,48,0,3,CPU_BOUND
969,39,40,20,8,47,0,3,ML_TRAINING
970,83,68,1,5,42,0,3,CPU_BOUND
971,2,33,43,8,53,0,10,MIXED
972,37,86,2,7,98,0,2,CPU_BOUND
973,42,45,17,6,41,0,7,ML_TRAINING
974,25,23,43,4,14,0,11,IO_BOUND
975,3,44,56,4,50,0,3,MIXED
976,26,35,9,4,91,0,5,CPU_BOUND
977,61,28,54,4,62,0,5,MIXED
978,97,93,3,6,83,0,5,CPU_BOUND
979,25,11,49,5,21,0,18,IO_BOUND
980,0,53,3,6,70,0,3,CPU_BOUND
981,79,75,10,7,48,0,1,CPU_BOUND
982,13,12,81,7,16,0,16,IO_BOUND
983,6,16,50,6,22,0,13,IO_BOUND
984,81,60,23,5,93,0,9,ML_TRAINING
985,85,88,0,7,89,0,3,CPU_BOUND
986,77,41,9,6,84,0,2,CPU_BOUND
987,83,82,34,7,89,0,14,ML_TRAINING
988,27,39,1,4,33,0,5,CPU_BOUND
989,94,13,38,4,30,0,9,IO_BOUND
990,64,48,21,10,89,0,5,ML_TRAINING
991,38,10,94,7,11,0,14,IO_BOUND
992,84,69,1,7,64,0,4,CPU_BOUND
993,79,47,10,5,39,0,4,CPU_BOUND
994,76,53,18,10,94,0,9,ML_TRAINING
995,35,89,4,8,53,0,4,CPU_BOUND
996,90,60,52,5,42,0,11,MIXED
997,36,71,13,10,80,0,13,ML_TRAINING
998,61,59,50,10,26,0,4,MIXED
999,86,93,5,4,63,0,5,CPU_BOUND
1000,4,95,1,4,54,0,2,CPU_BOUND
